contrast,dissimilarity,homogeneity,ASM,energy,correlation,class
3166.7,44.9333333333,0.0181492346752,0.00172777777778,0.0415665463778,0.000132605578799,1
